time,delay_in_min
2024-07-01,3.8181226476497723
2024-07-02,3.9270309897649787
2024-07-03,3.9269294392789913
2024-07-04,4.458486080879826
2024-07-05,3.8684614073947863
2024-07-06,3.4019004766924152
2024-07-07,2.696725193680436
2024-07-08,3.5995131811193986
2024-07-09,4.779179675805141
2024-07-10,4.637875589681112
2024-07-11,3.901942711287578
2024-07-12,3.8094764791912192
2024-07-13,3.2892184549841046
2024-07-14,2.375924023776247
2024-07-15,3.693260838460438
2024-07-16,4.208203561144738
2024-07-17,3.9017135955310636
2024-07-18,4.23983889246225
2024-07-19,4.313000625543537
2024-07-20,4.249293590627154
2024-07-21,3.148562358607604
2024-07-22,3.9495534086766315
2024-07-23,3.8689777181289937
2024-07-24,3.7936156667778214
2024-07-25,4.205418532291113
2024-07-26,3.3951436222005844
2024-07-27,2.867559242113958
2024-07-28,2.7328842776178317
2024-07-29,3.356287565373507
2024-07-30,3.583242213127558
2024-07-31,3.8514012838578364
2024-08-01,3.7287642523108686
2024-08-02,4.0146091585805594
2024-08-03,3.9431865975045564
2024-08-04,3.420321072204426
2024-08-05,3.9867924235125938
2024-08-06,4.10316854807318
2024-08-07,3.567088212334114
2024-08-08,4.426254055403045
2024-08-09,4.908366533864542
2024-08-10,3.517010012056403
2024-08-11,3.1388095720575504
2024-08-12,3.444064928553522
2024-08-13,4.884599277194398
2024-08-14,4.38594371912218
2024-08-15,3.442663497366054
2024-08-16,4.0612235197186
2024-08-17,3.3596064400715564
2024-08-18,3.2710375317467784
2024-08-19,3.682883450066892
2024-08-20,4.204362384306789
2024-08-21,3.59216157955575
2024-08-22,3.217392670321557
2024-08-23,3.8453730412411318
2024-08-24,3.3404626495935243
2024-08-25,3.4296950917658275
2024-08-26,3.82780896233811
2024-08-27,3.6263365310640436
2024-08-28,3.769203000910318
2024-08-29,3.981353708420159
2024-08-30,3.616035764763719
2024-08-31,3.096368188209472
2024-09-01,2.9258329448050784
2024-09-02,3.7433431727579807
2024-09-03,3.9434605216912946
2024-09-04,3.963736096297425
2024-09-05,4.007010660462004
2024-09-06,3.697566769193288
2024-09-07,5.375859837907784
2024-09-08,4.32306242554629
2024-09-09,3.950891680576298
2024-09-10,4.105318774216273
2024-09-11,4.164772560420521
2024-09-12,4.348938853932914
2024-09-13,3.949079376266408
2024-09-14,3.3216476034398283
2024-09-15,3.2894946737801094
2024-09-16,3.647795487476713
2024-09-17,3.10764497180797
2024-09-18,3.660989142107147
2024-09-19,4.347824141736511
2024-09-20,4.174828402543067
2024-09-21,3.153929047928569
2024-09-22,3.633196066598033
2024-09-23,3.764740056606584
2024-09-24,3.6940689282659904
2024-09-25,3.5503651170478108
2024-09-26,4.230888815809142
2024-09-27,4.35739766342638
2024-09-28,3.966332330324306
2024-09-29,3.651994522087225
2024-09-30,4.142610873729188
2024-10-01,4.174391622538228
2024-10-02,4.228843279717072
2024-10-03,3.3750876946821946
2024-10-04,3.065225488297254
2024-10-05,3.165823929277032
2024-10-06,3.4612246321221845
2024-10-07,3.670887367040653
2024-10-08,3.513873964052817
2024-10-09,4.257987748446521
2024-10-10,4.164304746288759
2024-10-11,4.201568043449695
2024-10-12,3.8288412490521817
2024-10-13,3.7720932718171616
2024-10-14,3.880486943209586
2024-10-15,4.6781800506687095
2024-10-16,3.7653810497814795
2024-10-17,4.549069784542981
2024-10-18,4.49415865700159
2024-10-19,3.9071239028373137
2024-10-20,2.861363231891796
2024-10-21,3.491106277746328
2024-10-22,3.7414802626702834
2024-10-23,3.634941912421805
2024-10-24,4.0269918699186995
2024-10-25,4.204485294117647
2024-10-26,3.36980482012343
2024-10-27,2.547197434467373
2024-10-28,3.8174360338787636
2024-10-29,3.459567736975933
2024-10-30,4.140245928880026
2024-10-31,3.9539072602992795
2024-11-01,
2024-11-02,
2024-11-03,
2024-11-04,
2024-11-05,
2024-11-06,
2024-11-07,
2024-11-08,
2024-11-09,
2024-11-10,
2024-11-11,
2024-11-12,
2024-11-13,
2024-11-14,
2024-11-15,
2024-11-16,
2024-11-17,
2024-11-18,
2024-11-19,
2024-11-20,
2024-11-21,
2024-11-22,
2024-11-23,
2024-11-24,
2024-11-25,
2024-11-26,
2024-11-27,
2024-11-28,
2024-11-29,
2024-11-30,
2024-12-01,
2024-12-02,
2024-12-03,
2024-12-04,
2024-12-05,
2024-12-06,
2024-12-07,
2024-12-08,
2024-12-09,
2024-12-10,
2024-12-11,
2024-12-12,
2024-12-13,
2024-12-14,
2024-12-15,
2024-12-16,
2024-12-17,
2024-12-18,
2024-12-19,
2024-12-20,
2024-12-21,
2024-12-22,
2024-12-23,
2024-12-24,
2024-12-25,
2024-12-26,
2024-12-27,
2024-12-28,
2024-12-29,
2024-12-30,
2024-12-31,
2025-01-01,
2025-01-02,
2025-01-03,
2025-01-04,
2025-01-05,
2025-01-06,
2025-01-07,
2025-01-08,
2025-01-09,
2025-01-10,
2025-01-11,
2025-01-12,
2025-01-13,
2025-01-14,
2025-01-15,
2025-01-16,
2025-01-17,
2025-01-18,
2025-01-19,
2025-01-20,
2025-01-21,
2025-01-22,
2025-01-23,
2025-01-24,
2025-01-25,
2025-01-26,
2025-01-27,
2025-01-28,
2025-01-29,
2025-01-30,
2025-01-31,
2025-02-01,
2025-02-02,
2025-02-03,
2025-02-04,
2025-02-05,
2025-02-06,
2025-02-07,
2025-02-08,
2025-02-09,
2025-02-10,
2025-02-11,
2025-02-12,
2025-02-13,
2025-02-14,
2025-02-15,
2025-02-16,
2025-02-17,
2025-02-18,
2025-02-19,
2025-02-20,
2025-02-21,
2025-02-22,
2025-02-23,
2025-02-24,
2025-02-25,
2025-02-26,
2025-02-27,
2025-02-28,
2025-03-01,
2025-03-02,
2025-03-03,
2025-03-04,
2025-03-05,
2025-03-06,
2025-03-07,
2025-03-08,
2025-03-09,
2025-03-10,
2025-03-11,
2025-03-12,
2025-03-13,
2025-03-14,
2025-03-15,
2025-03-16,
2025-03-17,
2025-03-18,
2025-03-19,
2025-03-20,
2025-03-21,
2025-03-22,
2025-03-23,
2025-03-24,
2025-03-25,
2025-03-26,
2025-03-27,
2025-03-28,
2025-03-29,
2025-03-30,
2025-03-31,
2025-04-01,
2025-04-02,
2025-04-03,
2025-04-04,
2025-04-05,
2025-04-06,
2025-04-07,
2025-04-08,
2025-04-09,
2025-04-10,
2025-04-11,
2025-04-12,
2025-04-13,
2025-04-14,
2025-04-15,
2025-04-16,
2025-04-17,
2025-04-18,
2025-04-19,
2025-04-20,
2025-04-21,
2025-04-22,
2025-04-23,
2025-04-24,
2025-04-25,
2025-04-26,
2025-04-27,
2025-04-28,
2025-04-29,
2025-04-30,
2025-05-01,3.821846441428967
2025-05-02,3.6605484714139243
2025-05-03,3.0414700320644577
2025-05-04,2.5801127284858913
2025-05-05,3.202472293265132
2025-05-06,3.272006977191089
2025-05-07,4.079241054974864
2025-05-08,3.8684560111104402
2025-05-09,3.999063505999415
2025-05-10,3.8841267152295442
2025-05-11,3.1735055310337312
2025-05-12,4.286362829764581
2025-05-13,4.137596927632254
2025-05-14,4.824016501699141
2025-05-15,4.174383545286286
2025-05-16,4.5445924070737
2025-05-17,3.399010154450038
2025-05-18,2.9058158319870757
2025-05-19,3.501966284012376
2025-05-20,4.000304105423213
2025-05-21,4.71482173642198
2025-05-22,4.108943634271062
2025-05-23,4.579878154414737
2025-05-24,3.7408809916820402
2025-05-25,3.255076033595046
2025-05-26,3.7338390977009834
2025-05-27,3.936819735217254
2025-05-28,4.541782869238141
2025-05-29,3.7009441010663586
2025-05-30,3.9701865494808497
2025-05-31,3.487726770271149
2025-06-01,3.5523215049166312
2025-06-02,4.035545293882903
2025-06-03,4.590791486198665
2025-06-04,4.233882649914662
2025-06-05,4.323956606900708
2025-06-06,4.219999714656661
2025-06-07,3.9057492770879403
2025-06-08,3.15959964589619
2025-06-09,2.9214989995854137
2025-06-10,3.318551845554268
2025-06-11,3.8731219446562317
2025-06-12,4.350014263621759
2025-06-13,4.498451831512531
2025-06-14,4.70621146188612
2025-06-15,4.483724929372335
2025-06-16,3.9301072888534705
2025-06-17,4.349218956844056
2025-06-18,4.1998685363716035
2025-06-19,3.9611740903689907
2025-06-20,4.330063990524202
2025-06-21,3.762556112159261
2025-06-22,4.31858407079646
2025-06-23,5.739274832859226
2025-06-24,4.804934396931259
2025-06-25,4.028215261230894
2025-06-26,5.519326755658735
2025-06-27,4.414377994216577
2025-06-28,3.4225611662306465
2025-06-29,3.6466978930812175
2025-06-30,5.840373727595412
2025-07-01,8.096304771963796
2025-07-02,8.353898810829786
2025-07-03,6.329773557341125
2025-07-04,6.051261818128681
2025-07-05,4.1904606177543045
2025-07-06,3.544705922888743
2025-07-07,3.949459631277813
2025-07-08,4.566280510648108
2025-07-09,4.144232156772201
2025-07-10,5.214141936968024
2025-07-11,3.892487028013741
2025-07-12,3.7455380894800485
2025-07-13,4.157465921554291
2025-07-14,5.008495781204539
2025-07-15,5.064365931153638
2025-07-16,4.703867241757439
2025-07-17,4.4736780344701135
2025-07-18,4.933355757699845
2025-07-19,3.064125921184368
2025-07-20,2.6691782112094797
2025-07-21,3.8228126537582123
2025-07-22,3.730397640597986
2025-07-23,3.716947879348203
2025-07-24,3.689621428988725
2025-07-25,4.319964543644739
2025-07-26,3.4122511891542504
2025-07-27,3.4134326021535304
2025-07-28,3.4727030824887133
2025-07-29,3.756522259454284
2025-07-30,3.8334318739468474
2025-07-31,4.802793347991701
2025-08-01,4.628428670390732
2025-08-02,3.383223931452623
2025-08-03,2.5710811139486807
2025-08-04,3.667203189604253
2025-08-05,4.217964054169805
2025-08-06,4.095288035450517
2025-08-07,4.202288946137219
2025-08-08,4.592998527727794
2025-08-09,3.8707992771523783
2025-08-10,2.951095218352681
2025-08-11,4.522733716332165
2025-08-12,4.196299022184839
2025-08-13,4.7816155242715555
2025-08-14,4.446395923872322
2025-08-15,4.774488265329313
2025-08-16,3.2166836885975028
2025-08-17,3.552379640471107
2025-08-18,4.004637861545756
2025-08-19,4.502993478228574
2025-08-20,3.822649032238868
2025-08-21,4.346813506925867
2025-08-22,3.7886605558840922
2025-08-23,3.320423457032528
2025-08-24,3.068327450913203
2025-08-25,4.227350756208009
2025-08-26,4.740964211771665
2025-08-27,4.113945477222783
2025-08-28,4.449315310800253
2025-08-29,4.055255255255255
2025-08-30,3.1210246755866335
2025-08-31,3.3341783371742597
2025-09-01,3.8702449652573314
2025-09-02,4.5165829741219685
2025-09-03,4.17358687546607
2025-09-04,4.225616039096771
2025-09-05,4.32256450995969
2025-09-06,3.8498194353250166
2025-09-07,3.615912113727048
2025-09-08,4.569322179885837
2025-09-09,4.490741824138536
2025-09-10,4.701265417267339
2025-09-11,4.507592190889371
2025-09-12,4.484493753821962
2025-09-13,4.093406960061393
2025-09-14,3.641079890192513
2025-09-15,4.48196634889953
2025-09-16,4.945454278929315
2025-09-17,4.616417539706892
2025-09-18,4.640758197317506
2025-09-19,5.426572617946346
2025-09-20,4.612338232613631
2025-09-21,4.0272177595009495
2025-09-22,6.520418636251933
2025-09-23,4.954243435369215
2025-09-24,4.298112376055821
2025-09-25,4.626799929758839
2025-09-26,4.589243092061912
2025-09-27,3.5742535164925555
2025-09-28,4.24179953460312
2025-09-29,4.300716972261401
2025-09-30,4.184074913866722
2025-10-01,4.894861462438967
2025-10-02,4.888765538497495
2025-10-03,4.063913793103448
2025-10-04,4.355419072732735
2025-10-05,4.286726781516438
2025-10-06,4.650483304042179
2025-10-07,4.790616041654478
2025-10-08,4.683377540702531
2025-10-09,4.653300001453425
2025-10-10,5.4902672821900085
2025-10-11,3.794401899474969
2025-10-12,3.1204481792717087
2025-10-13,5.3484276729559745
2025-10-14,4.868583431797296
2025-10-15,6.079511726706628
2025-10-16,4.996276045514999
2025-10-17,5.063271719864758
2025-10-18,4.083019840247359
2025-10-19,3.5804274670304683
2025-10-20,4.566214682515978
2025-10-21,5.033871497209705
2025-10-22,4.9769282360831655
2025-10-23,6.9059635757647895
2025-10-24,6.920303883609058
2025-10-25,4.433395534603549
2025-10-26,4.013299922898998
2025-10-27,5.3467155963302755
2025-10-28,5.774717753212535
2025-10-29,5.0869036989329155
2025-10-30,6.384050229045619
2025-10-31,5.029580265970078
