,tas,mean_delay,delaid_frac,canceled_frac
0,13.279999732971191,169.6216216216216,0.5418918918918919,0.022972972972972974
1,14.569999694824219,47.717171717171716,0.18585858585858586,0.5643097643097643
2,15.549999237060547,64.39918533604887,0.17854718262050237,0.5580448065173116
3,16.420000076293945,63.98582816651904,0.16386182462356066,0.5093002657218778
4,16.420000076293945,49.34844192634561,0.15486307837582625,0.49291784702549574
5,16.90999984741211,46.95454545454545,0.16363636363636364,0.5333333333333333
6,16.940000534057617,259.71168437025796,0.5569044006069803,0.007587253414264037
7,16.869998931884766,223.22727272727272,0.48863636363636365,0.0030303030303030303
8,18.619998931884766,306.611320754717,0.569811320754717,0.015849056603773583
9,19.279998779296875,214.18290854572714,0.4760119940029985,0.015742128935532233
10,18.09000015258789,210.0557620817844,0.4256505576208178,0.05483271375464684
11,16.559999465942383,172.2972972972973,0.4343629343629344,0.05501930501930502
12,16.079999923706055,152.60492040520984,0.5311143270622286,0.002894356005788712
13,18.90999984741211,220.97658862876253,0.6133779264214047,0.01137123745819398
14,18.68000030517578,312.9083665338645,0.5969455511288181,0.055776892430278883
15,15.539999961853027,214.81432360742704,0.5265251989389921,0.004641909814323607
16,12.889999389648438,227.08757637474542,0.5532926001357773,0.008146639511201629
17,13.09000015258789,162.3409669211196,0.48346055979643765,0.006785411365564037
18,11.819999694824219,179.41437444543035,0.45430346051464066,0.005323868677905945
19,11.4399995803833,164.9700996677741,0.48239202657807306,0.015282392026578074
20,10.420000076293945,190.64451827242524,0.5262458471760797,0.004651162790697674
21,9.809999465942383,195.42857142857142,0.5661129568106312,0.013289036544850499
22,13.1899995803833,120.3187250996016,0.4900398406374502,0.0026560424966799467
23,14.019999504089355,180.15841584158414,0.4871287128712871,0.0046204620462046205
24,14.969999313354492,223.66336633663366,0.49587458745874585,0.012376237623762377
25,18.299999237060547,185.89655172413794,0.49051724137931035,0.0008620689655172414
26,17.029998779296875,210.398406374502,0.5,0.0013280212483399733
27,13.269999504089355,144.34262948207171,0.5365205843293492,0.0
28,13.039999961853027,172.74900398406373,0.5444887118193891,0.004648074369189907
29,9.34000015258789,260.2788844621514,0.5391766268260292,0.004648074369189907
30,10.949999809265137,173.8235294117647,0.43858131487889274,0.005190311418685121
31,12.460000038146973,243.90644753476613,0.5530973451327433,0.017699115044247787
32,12.429999351501465,203.32490518331227,0.6118836915297092,0.010113780025284451
33,12.420000076293945,188.685208596713,0.5309734513274337,0.0050568900126422255
34,13.25,179.50726468730258,0.5837018319646241,0.003790271636133923
35,13.109999656677246,278.1167608286252,0.5969868173258004,0.007532956685499058
36,13.399999618530273,219.0632318501171,0.5542544886807181,0.00624512099921936
37,14.1899995803833,229.79032258064515,0.5346774193548387,0.010483870967741936
38,15.869999885559082,225.20859671302148,0.5828065739570164,0.008849557522123894
39,17.190000534057617,324.91782553729456,0.668141592920354,0.0050568900126422255
40,20.350000381469727,211.32743362831857,0.6137800252844501,0.0050568900126422255
41,18.850000381469727,302.349968414403,0.6121288692356286,0.006948831332912192
42,16.56999969482422,359.13152926368787,0.5619886721208307,0.02391441157960982
43,15.029999732971191,387.3501577287066,0.5512618296529969,0.017350157728706624
44,17.0,466.7632850241546,0.5893719806763285,0.027375201288244767
45,17.0,256.69829222011384,0.5673624288425048,0.012017710309930424
46,17.850000381469727,223.27433628318585,0.5796460176991151,0.00695322376738306
47,18.94999885559082,264.6679316888046,0.5755850727387729,0.0056925996204933585
48,20.469999313354492,392.5031605562579,0.6061946902654868,0.02654867256637168
49,20.619998931884766,680.9583858764187,0.6223203026481715,0.07755359394703656
50,15.289999961853027,227.54342431761788,0.575682382133995,0.019851116625310174
51,15.859999656677246,219.36206896551724,0.5568965517241379,0.002586206896551724
52,16.559999465942383,257.84326858673813,0.6061620897521768,0.0026791694574681848
53,15.90999984741211,151.16465863453814,0.5287817938420348,0.0013386880856760374
54,15.389999389648438,211.99468085106383,0.605718085106383,0.005319148936170213
55,15.059999465942383,98.48484848484848,0.4797979797979798,0.010101010101010102
56,13.559999465942383,152.36463331048662,0.47635366689513364,0.00205620287868403
57,11.0,133.96851698425849,0.4664457332228666,0.008285004142502071
58,8.199999809265137,233.05699481865284,0.5043177892918825,0.012089810017271158
59,10.519999504089355,237.6722408026756,0.568561872909699,0.010702341137123745
60,13.5,298.7959866220736,0.5973244147157191,0.024080267558528427
61,16.239999771118164,225.02008032128515,0.5769745649263721,0.006693440428380187
62,15.519999504089355,270.66062176165804,0.5854922279792746,0.0051813471502590676
63,18.8799991607666,483.83141762452107,0.665389527458493,0.02362707535121328
64,17.90999984741211,326.390243902439,0.6715447154471544,0.013008130081300813
65,17.69999885559082,256.02389078498294,0.5580204778156996,0.004266211604095563
66,18.029998779296875,240.7953603976802,0.49544324772162385,0.00579950289975145
67,17.239999771118164,287.3704663212435,0.6042746113989638,0.010362694300518135
68,17.479999542236328,208.38626053143227,0.5910563836681789,0.0064808813998703824
69,15.59999942779541,278.99029126213594,0.5844660194174758,0.013592233009708738
70,16.600000381469727,346.29011553273426,0.6444159178433889,0.012195121951219513
71,18.549999237060547,296.22549019607845,0.6037581699346405,0.010620915032679739
72,20.899999618530273,270.33078880407123,0.5826972010178118,0.009329940627650551
73,17.869998931884766,254.86092715231788,0.5688741721854305,0.009933774834437087
74,17.029998779296875,244.92389146260754,0.5552614162806089,0.015221707478491065
75,20.770000457763672,287.04095112285336,0.6122853368560106,0.0019815059445178335
76,21.69999885559082,242.86672254819783,0.584241408214585,0.009220452640402346
77,19.84000015258789,299.84168865435356,0.5435356200527705,0.006596306068601583
78,24.35999870300293,279.85221674876846,0.5862068965517241,0.008210180623973728
79,27.59000015258789,391.0867178924259,0.5806805708013172,0.008781558726673985
80,19.239999771118164,287.12582781456956,0.5980132450331126,0.016556291390728478
81,17.399999618530273,239.32495036399735,0.5757776307081403,0.0357379219060225
82,20.219999313354492,210.97286565188617,0.5499669093315684,0.007941760423560556
83,22.579999923706055,250.0793650793651,0.5853174603174603,0.0205026455026455
84,19.559999465942383,250.7044107965767,0.5819618169848585,0.013824884792626729
85,20.06999969482422,205.45454545454547,0.5536445536445537,0.009828009828009828
86,22.75,374.2980935875217,0.58578856152513,0.04246100519930676
87,21.479999542236328,365.60483870967744,0.6276881720430108,0.01747311827956989
88,20.510000228881836,308.43876177658143,0.6359353970390309,0.009421265141318977
89,22.06999969482422,317.67857142857144,0.6696428571428571,0.015625
90,24.19999885559082,327.12694877505567,0.694135115070527,0.015590200445434299
91,14.819999694824219,400.1623616236162,0.7424354243542436,0.016236162361623615
92,17.90999984741211,254.19664268585132,0.6690647482014388,0.0031974420463629096
93,21.959999084472656,188.31295843520783,0.6079869600651997,0.004889975550122249
94,21.34000015258789,202.0988490182803,0.6533513879485443,0.009478672985781991
95,20.59000015258789,208.51726472579554,0.6391333784698714,0.004739336492890996
96,18.59000015258789,182.15155615696887,0.6048714479025711,0.006765899864682003
97,15.079999923706055,315.4158215010142,0.6592292089249493,0.018931710615280595
98,15.90999984741211,265.1040967092008,0.6675621222296844,0.010745466756212223
99,17.829999923706055,260.3494837172359,0.5575853852263701,0.057188244638602066
100,15.469999313354492,194.1495480690222,0.5152013147082991,0.05587510271158587
101,15.949999809265137,171.54166666666666,0.5625,0.00625
102,18.149999618530273,261.2795549374131,0.5730180806675939,0.006258692628650904
103,22.239999771118164,199.10987482614743,0.5744089012517385,0.014603616133518776
104,23.600000381469727,257.9708130646282,0.6539263377345379,0.011118832522585128
105,17.559999465942383,276.5055248618784,0.6450276243093923,0.012430939226519336
106,17.40999984741211,223.7571780147662,0.6119770303527482,0.007383100902378999
107,18.719999313354492,228.17518248175182,0.5656934306569343,0.005474452554744526
108,21.799999237060547,254.1867469879518,0.6121987951807228,0.009789156626506024
109,25.53999900817871,295.30474040632055,0.6200150489089541,0.020316027088036117
110,27.639999389648438,408.3433734939759,0.641566265060241,0.03237951807228916
111,22.439998626708984,354.627539503386,0.6990218209179835,0.019563581640331076
112,22.869998931884766,427.6691729323308,0.6954887218045113,0.03458646616541353
113,21.529998779296875,230.9433962264151,0.6549865229110512,0.022461814914645103
114,23.40999984741211,228.27906976744185,0.6046511627906976,0.012093023255813953
115,26.639999389648438,510.4977375565611,0.6636500754147813,0.015082956259426848
116,22.15999984741211,378.02710843373495,0.6807228915662651,0.016566265060240965
117,18.529998779296875,320.06024096385545,0.6784638554216867,0.012801204819277108
118,20.670000076293945,371.1512415349887,0.6779533483822423,0.04815650865312265
119,20.969999313354492,525.8421851289833,0.7215477996965098,0.027314112291350532
120,18.239999771118164,283.34875115633673,0.6558741905642923,0.032377428307123035
121,20.18000030517578,288.19119025304593,0.5951265229615745,0.03655107778819119
122,21.59000015258789,615.312,0.7336,0.0688
123,21.78999900817871,278.57485988791035,0.6573258606885508,0.02241793434747798
124,24.559999465942383,352.16973578863093,0.6397117694155324,0.020816653322658127
125,27.189998626708984,470.448,0.6728,0.0296
126,25.559999465942383,398.1818181818182,0.7067193675889328,0.030039525691699605
127,18.399999618530273,258.59154929577466,0.6487676056338029,0.01936619718309859
128,18.6299991607666,280.4931506849315,0.5799086757990868,0.030136986301369864
129,19.959999084472656,320.43356643356645,0.6433566433566433,0.016083916083916083
130,20.69999885559082,306.2849162011173,0.6543296089385475,0.018854748603351956
131,20.5,277.6256983240223,0.6236033519553073,0.023743016759776536
132,21.189998626708984,677.7110956036288,0.6461967899511515,0.03698534542916958
133,19.75,306.45072363886976,0.687801516195727,0.010337698139214336
134,20.139999389648438,319.08196721311475,0.5721311475409836,0.01557377049180328
135,22.5,238.1710414902625,0.5207451312447079,0.007620660457239628
136,22.119998931884766,277.89473684210526,0.6042105263157894,0.014736842105263158
137,20.459999084472656,227.8072625698324,0.6215083798882681,0.01606145251396648
138,22.43000030517578,239.49720670391062,0.5963687150837989,0.01675977653631285
139,22.59000015258789,234.221912072575,0.5792044661549197,0.0104675505931612
140,18.639999389648438,221.41666666666666,0.6194444444444445,0.017361111111111112
141,18.479999542236328,456.16776315789474,0.5962171052631579,0.03289473684210526
142,18.190000534057617,258.7755102040816,0.5943877551020408,0.01870748299319728
143,18.369998931884766,195.703289013296,0.6067179846046186,0.005598320503848845
144,18.619998931884766,216.57316148597423,0.6330553449583017,0.013646702047005308
145,19.520000457763672,239.67914438502675,0.6501145912910619,0.012223071046600458
146,21.469999313354492,376.35114503816794,0.6290076335877862,0.01603053435114504
147,19.969999313354492,330.56947608200454,0.6613515565679575,0.018223234624145785
148,19.03999900817871,285.84450402144773,0.6157283288650581,0.01966041108132261
149,18.920000076293945,344.86033519553075,0.6229050279329609,0.024208566108007448
150,18.1299991607666,262.0932009167303,0.6279602750190986,0.016042780748663103
151,19.079999923706055,292.57448433919024,0.6508785332314744,0.02826585179526356
152,17.239999771118164,248.02139037433156,0.6623376623376623,0.019862490450725745
153,16.389999389648438,147.06870229007635,0.5564885496183206,0.012977099236641221
154,15.6899995803833,285.48459804658154,0.5950413223140496,0.019534184823441023
155,15.719999313354492,158.0921052631579,0.5337171052631579,0.006578947368421052
156,17.489999771118164,162.52971137521223,0.4966044142614601,0.016129032258064516
157,19.299999237060547,192.87211740041928,0.5513626834381551,0.007686932215234102
158,20.260000228881836,268.3018867924528,0.5157232704402516,0.02166317260656883
159,20.279998779296875,193.50104821802935,0.5667365478686234,0.017470300489168415
160,16.69999885559082,197.90504898266767,0.586284853051997,0.013564431047475508
161,15.380000114440918,451.40939597315435,0.6517524235645041,0.035048471290082026
162,14.299999237060547,197.30257320319433,0.5385980479148181,0.015971606033717833
163,14.75999927520752,259.2110091743119,0.4935779816513762,0.022935779816513763
164,14.420000076293945,180.82474226804123,0.5766323024054982,0.017869415807560136
165,16.029998779296875,164.83516483516485,0.5643180349062702,0.013574660633484163
166,17.389999389648438,237.0523594053006,0.6153846153846154,0.005171299288946348
167,15.149999618530273,273.2773109243698,0.6140917905623788,0.00904977375565611
168,11.679999351501465,199.20154539600773,0.5904700579523503,0.014166130070830651
169,9.019999504089355,158.17307692307693,0.5432692307692307,0.01282051282051282
170,9.269999504089355,295.4462051709758,0.5638031693077564,0.010842368640533779
171,9.179999351501465,367.6018099547511,0.6599870717517776,0.03878474466709761
172,9.039999961853027,186.74418604651163,0.6124031007751938,0.01614987080103359
173,7.409999847412109,244.6124031007752,0.6569767441860465,0.014857881136950904
174,8.0,205.81935483870967,0.6232258064516129,0.014193548387096775
175,9.429999351501465,436.4053537284895,0.6252390057361377,0.020395156150414276
176,11.9399995803833,262.2573007103394,0.595895816890292,0.02920284135753749
177,12.119999885559082,229.74652493867538,0.5372035977105478,0.004905968928863451
178,11.90999984741211,195.2601156069364,0.5812459858702633,0.016698779704560053
179,9.179999351501465,215.1830443159923,0.6152858060372511,0.01798330122029544
180,8.420000076293945,203.96917148362235,0.6268464996788696,0.028901734104046242
181,7.109999656677246,290.98844672657253,0.6508344030808729,0.03979460847240052
182,7.059999942779541,232.0255591054313,0.6325878594249201,0.03450479233226837
