date,n_trains,fraction_cancelled,mean_delay,fraction_delayed,tn,tx,tg
2022-05-01,1463,0.01572112098427888,259.9583333333333,0.99375,4.47,14.37,9.79
2022-05-02,1775,0.041690140845070424,322.78659611992947,0.9911816578483245,5.41,18.88,12.42
2022-05-03,1777,0.028700056274620148,261.2050984936269,0.9930475086906141,6.52,18.13,12.429999
2022-05-04,1776,0.023085585585585586,247.2622478386167,0.9919308357348703,5.45,17.32,11.509999
2022-05-05,1784,0.026905829596412557,219.6082949308756,0.9902073732718893,7.35,18.8,13.009999
2022-05-06,1812,0.017108167770419427,308.89387984278494,0.9882088714205502,5.75,20.81,14.049999
2022-05-07,1608,0.09266169154228855,485.0582590815627,0.9910897875257025,8.38,21.72,14.5199995
2022-05-08,1451,0.04066161268090972,425.9913793103448,0.9906609195402298,8.01,18.06,12.87
2022-05-09,1760,0.01818181818181818,324.8263888888889,0.9913194444444444,7.0,24.06,16.039999
2022-05-10,1762,0.02894438138479001,323.7054354178843,0.9918176504967855,12.42,24.73,19.14
2022-05-11,1780,0.028089887640449437,356.63583815028903,0.9953757225433526,13.559999,25.26,19.51
2022-05-12,1782,0.09764309764309764,538.9925373134329,0.9931592039800995,9.22,18.949999,14.549999
2022-05-13,1816,0.040748898678414094,377.94489092996554,0.9931113662456946,8.059999,19.14,13.91
2022-05-14,1628,0.03992628992628992,416.3147792706334,0.9852847088931542,8.58,21.789999,15.23
2022-05-15,1484,0.03840970350404313,441.1072179397337,0.9880868955851436,8.65,25.199999,17.98
2022-05-16,1764,0.05102040816326531,536.6308243727599,0.994026284348865,12.759999,25.609999,17.63
2022-05-17,1762,0.024404086265607264,271.62303664921467,0.9901105293775451,11.41,22.84,17.71
2022-05-18,1762,0.10385925085130533,522.3305889803673,0.9987333755541482,16.279999,28.76,22.67
2022-05-19,1764,0.16326530612244897,664.0650406504066,0.9932249322493225,15.139999,27.81,20.46
2022-05-20,1790,0.18324022346368715,737.5649794801642,0.9911080711354309,11.41,24.15,16.81
2022-05-21,1606,0.1357409713574097,293.64553314121036,0.9920749279538905,9.66,18.32,13.88
2022-05-22,1452,0.12878787878787878,271.44664031620556,0.9936758893280633,9.13,21.81,15.83
2022-05-23,1770,0.014689265536723164,287.95871559633025,0.9931192660550459,13.179999,24.13,18.109999
2022-05-24,1768,0.01809954751131222,384.8847926267281,0.9965437788018433,9.99,16.92,13.32
2022-05-25,1810,0.07513812154696133,436.8458781362007,0.9946236559139785,8.51,19.0,14.299999
2022-05-26,1485,0.015488215488215488,222.5581395348837,0.987688098495212,12.78,19.49,16.119999
2022-05-27,1688,0.014218009478672985,241.98317307692307,0.9909855769230769,8.74,17.9,13.86
2022-05-28,1623,0.012939001848428836,212.05992509363296,0.9893882646691635,6.96,16.449999,11.92
2022-05-29,1479,0.03110209601081812,265.45708304256806,0.9916259595254711,4.56,13.5,9.46
2022-05-30,1772,0.03781038374717833,273.57184750733137,0.9929618768328445,7.6099997,15.5199995,10.86
2022-05-31,1770,0.03389830508474576,391.719298245614,0.9953216374269006,7.2,18.63,11.91
2022-06-01,1768,0.08484162895927602,527.3176761433868,0.9932014833127317,7.25,17.1,11.599999
2022-06-02,1772,0.06997742663656885,543.7864077669902,0.9878640776699029,5.52,19.65,13.38
2022-06-03,1808,0.08296460176991151,623.5946924004825,0.9975874547647768,8.76,23.97,17.52
2022-06-04,1609,0.03915475450590429,420.58214747736093,0.9941785252263907,13.049999,24.279999,18.43
2022-06-05,1455,0.10721649484536082,365.635103926097,0.9923017705927637,14.63,21.08,17.609999
2022-06-06,1462,0.008891928864569083,284.96894409937886,0.9723947550034506,11.94,20.25,16.38
2022-06-07,1768,0.06561085972850679,372.1670702179177,0.9963680387409201,10.66,19.939999,15.36
2022-06-08,1771,0.020892151326933936,299.65397923875435,0.994232987312572,13.0,20.59,15.389999
2022-06-09,1737,0.042026482440990214,318.8942307692308,0.9963942307692307,11.62,18.84,14.75
2022-06-10,1809,0.029850746268656716,413.05982905982904,0.996011396011396,10.29,22.41,17.23
2022-06-11,1583,0.07770056854074542,377.8767123287671,0.9883561643835617,14.57,24.0,19.39
2022-06-12,1472,0.042798913043478264,346.37331440738114,0.9900638750887154,11.69,22.71,17.64
2022-06-13,1721,0.03544450900639163,313.5542168674699,0.9891566265060241,9.62,19.699999,14.65
2022-06-14,1715,0.05889212827988338,526.8773234200744,0.9950433705080545,7.2799997,21.81,15.33
2022-06-15,1735,0.05821325648414986,544.9571603427172,0.996328029375765,9.92,26.849998,19.23
2022-06-16,1472,0.019021739130434784,312.38227146814404,0.9875346260387812,12.469999,23.769999,18.289999
2022-06-17,1743,0.10499139414802065,478.8076923076923,0.9878205128205129,11.82,28.39,20.949999
2022-06-18,1550,0.07935483870967742,490.5956552207428,0.9929922915206727,18.939999,32.37,25.619999
2022-06-19,1173,0.03239556692242114,344.4052863436123,0.9885462555066079,13.38,22.42,18.18
2022-06-20,1695,0.05309734513274336,337.9065420560748,0.994392523364486,10.219999,20.51,15.139999
2022-06-21,1690,0.03195266272189349,310.59902200489,0.9944987775061125,8.05,22.33,16.24
2022-06-22,1690,0.05088757396449704,335.6483790523691,0.9968827930174564,10.429999,26.849998,20.029999
2022-06-23,1696,0.0695754716981132,413.4220532319392,0.9955640050697085,13.84,30.73,24.05
2022-06-24,1675,0.05313432835820896,460.59268600252204,0.9968474148802018,16.38,24.269999,19.71
2022-06-25,1287,0.05982905982905983,543.6198347107438,0.9950413223140496,15.38,25.119999,20.32
2022-06-26,1219,0.03773584905660377,356.4194373401535,0.9957374254049446,15.49,21.08,17.859999
2022-06-27,1383,0.0824295010845987,559.1489361702128,0.9952718676122931,11.78,20.92,16.3
2022-06-28,1377,0.09513435003631082,640.1123595505618,0.9951845906902087,11.139999,24.619999,17.88
2022-06-29,1377,0.19607843137254902,504.8780487804878,0.997289972899729,13.7,26.49,19.99
2022-06-30,1382,0.10419681620839363,560.2584814216478,0.9959612277867528,13.38,29.519999,21.43
2022-07-01,1409,0.11355571327182398,534.5236188951161,0.9911929543634908,11.79,20.82,15.929999
2022-07-02,1277,0.07361002349256068,413.71090448013524,0.9949281487743026,10.66,25.529999,18.85
2022-07-03,1218,0.053366174055829226,417.8143972246314,0.99479618386817,12.7,24.91,19.42
2022-07-04,1724,0.034222737819025524,395.8198198198198,0.9933933933933934,10.61,23.84,17.76
2022-07-05,1719,0.055264688772542175,365.6896551724138,0.9944581280788177,11.92,23.23,17.73
2022-07-06,1711,0.029222676797194622,368.1998795906081,0.9945815773630343,10.3,20.56,15.96
2022-07-07,1711,0.04032729398012858,298.06333739342267,0.9884287454323996,14.179999,19.84,16.3
2022-07-08,1742,0.025832376578645237,319.76428992339424,0.9976428992339422,13.28,22.96,17.56
2022-07-09,1567,0.08615188257817485,326.31284916201116,0.9902234636871509,12.349999,23.07,17.66
2022-07-10,1461,0.04722792607802875,273.2758620689655,0.9755747126436781,11.54,18.08,14.91
2022-07-11,1712,0.05081775700934579,226.3753846153846,0.9883076923076923,13.75,21.449999,17.08
2022-07-12,1709,0.07899356348741954,625.6925031766201,0.9904701397712834,11.929999,27.82,20.73
2022-07-13,1709,0.05675833820947923,324.3424317617866,0.9869727047146402,16.699999,28.439999,22.76
2022-07-14,1710,0.19064327485380117,432.26878612716763,0.9942196531791907,13.46,23.9,18.47
2022-07-15,1741,0.056289488799540495,319.97565429093123,0.9920876445526476,11.259999,21.75,16.39
2022-07-16,1567,0.11423101467772814,333.1123919308357,0.9899135446685879,12.09,22.49,17.44
2022-07-17,1460,0.07808219178082192,421.961367013373,0.986627043090639,9.53,26.16,18.58
2022-07-18,1709,0.05032182562902282,392.2365988909427,0.9913739987677141,13.139999,33.21,23.74
2022-07-19,1706,0.141852286049238,579.2622950819672,0.9938524590163934,16.84,36.89,27.48
2022-07-20,1705,0.11906158357771261,359.48069241011984,0.9946737683089214,17.289999,30.349998,24.779999
2022-07-21,1708,0.1129976580796253,365.1485148514852,0.9914191419141914,15.69,21.27,17.789999
2022-07-22,1740,0.06321839080459771,362.3558282208589,0.9975460122699387,14.41,21.199999,17.49
2022-07-23,1568,0.09693877551020408,328.3898305084746,0.992231638418079,13.69,24.9,18.939999
2022-07-24,1458,0.07407407407407407,278.97777777777776,0.9866666666666667,14.71,29.66,22.74
2022-07-25,1712,0.07768691588785047,304.0278657378087,0.9911336288790373,17.4,27.359999,22.85
2022-07-26,1699,0.07651559741024132,418.58508604206503,0.992989165073295,14.58,21.869999,18.1
2022-07-27,1539,0.05977907732293697,358.63165169315823,0.9958534899792675,10.73,20.91,16.039999
2022-07-28,1569,0.14850223072020396,596.002994011976,0.9940119760479041,10.849999,24.21,18.05
2022-07-29,1740,0.05517241379310345,340.6569343065693,0.9975669099756691,14.33,23.6,18.65
2022-07-30,1569,0.07010834926704908,313.89993145990405,0.9945167923235092,12.67,25.35,19.39
2022-07-31,1454,0.07290233837689133,290.87537091988133,0.9866468842729971,16.66,25.41,20.199999
2022-08-01,1598,0.029411764705882353,333.53965183752416,0.9896840747904577,13.969999,23.8,19.699999
2022-08-02,1599,0.1200750469043152,367.590618336887,0.9928926794598436,12.53,28.029999,21.109999
2022-08-03,1598,0.05569461827284105,474.51292246520876,0.9946984758117959,16.93,31.71,24.439999
2022-08-04,1600,0.050625,467.0046082949309,0.9953917050691244,17.14,32.43,25.0
2022-08-05,1612,0.031017369727047148,452.65044814340587,0.9903969270166453,12.0199995,21.89,17.8
2022-08-06,1395,0.012186379928315413,426.57474600870825,0.9956458635703919,9.28,21.93,15.75
2022-08-07,1292,0.04179566563467492,312.0678513731826,0.9862681744749596,9.53,24.96,18.02
2022-08-08,1598,0.06195244055068836,458.82588392261505,0.9973315543695798,11.19,25.619999,19.18
2022-08-09,1597,0.03256105197244834,392.31067961165047,0.9935275080906149,13.92,27.599998,20.949999
2022-08-10,1596,0.03759398496240601,396.2890625,0.9921875,14.28,29.439999,22.66
2022-08-11,1597,0.041327489041953665,326.33572828216853,0.992815153494448,14.62,31.06,23.58
2022-08-12,1549,0.0632666236281472,597.8911095796003,0.9951757408683667,15.45,30.939999,23.859999
2022-08-13,1134,0.0855379188712522,517.3191899710704,0.9922854387656702,15.589999,31.31,24.539999
2022-08-14,1045,0.04401913875598086,244.14414414414415,0.990990990990991,18.109999,31.65,24.35
2022-08-15,1615,0.03777089783281734,384.4015444015444,0.9935649935649936,17.789999,24.609999,21.59
2022-08-16,1622,0.02466091245376079,372.5537294563843,0.9917825537294563,16.98,29.56,22.869999
2022-08-17,1621,0.020974706971005553,301.70132325141776,0.9936988027725268,15.5,25.74,20.949999
2022-08-18,1620,0.016666666666666666,443.5404896421846,0.9918392969240427,15.61,24.97,19.51
2022-08-19,1659,0.02652200120554551,435.046439628483,0.9956656346749226,14.349999,26.81,20.689999
2022-08-20,1451,0.08614748449345279,734.7058823529412,0.9969834087481146,14.86,23.89,19.43
2022-08-21,1326,0.03695324283559578,336.74236491777606,0.9882537196554424,12.559999,25.25,18.66
2022-08-22,1591,0.03205531112507857,364.4805194805195,0.9915584415584415,12.679999,27.72,21.14
2022-08-23,1588,0.0163727959697733,350.93469910371317,0.9884763124199744,15.94,30.039999,23.23
2022-08-24,1588,0.018891687657430732,346.5982028241335,0.9878048780487805,16.32,32.51,24.699999
2022-08-25,1590,0.042767295597484274,398.4362680683311,0.992772667542707,18.359999,32.649998,25.789999
2022-08-26,1645,0.050455927051671734,392.57362355953904,0.9948783610755442,16.34,23.84,20.26
2022-08-27,1481,0.054692775151924375,373.7142857142857,0.9957142857142857,15.219999,20.88,18.15
2022-08-28,1365,0.027106227106227107,405.2710843373494,0.990210843373494,12.969999,23.35,17.73
2022-08-29,1600,0.04125,325.93220338983053,0.9954367666232073,9.42,23.779999,16.869999
2022-08-30,1597,0.039448966812773954,437.2099087353325,0.9960886571056062,14.719999,25.51,19.85
2022-08-31,1593,0.016321406151914627,309.41927249521376,0.9968091895341417,14.589999,24.56,19.14
2022-09-01,1596,0.03070175438596491,299.6897220426632,0.9967679379444085,12.0,25.529999,19.15
2022-09-02,1618,0.04697156983930779,314.3968871595331,0.9909208819714657,14.469999,25.859999,19.85
2022-09-03,1335,0.10486891385767791,269.02092050209205,0.9857740585774059,14.639999,25.699999,19.38
2022-09-04,1238,0.022617124394184167,223.38842975206612,0.9776859504132231,14.349999,27.22,20.32
2022-09-05,1595,0.027586206896551724,313.9651837524178,0.9929078014184397,15.7,29.99,22.51
2022-09-06,1596,0.016917293233082706,264.6271510516252,0.9910771191841937,16.75,29.76,23.22
2022-09-07,1600,0.04,341.71875,0.9908854166666666,15.03,24.57,19.33
2022-09-08,1604,0.03117206982543641,400.42471042471044,0.9916344916344917,14.17,21.77,17.17
2022-09-09,1640,0.05060975609756098,510.63583815028903,0.9922928709055877,13.799999,19.91,16.05
2022-09-10,1454,0.04470426409903714,331.5766738660907,0.9949604031677466,13.98,17.029999,15.25
2022-09-11,1344,0.03050595238095238,251.327705295472,0.9846508058326938,12.099999,20.33,15.73
2022-09-12,1599,0.04002501563477173,281.7459283387622,0.9915309446254071,10.2,24.0,17.51
2022-09-13,1520,0.017105263157894738,279.3172690763052,0.9946452476572959,15.46,25.17,19.71
2022-09-14,1601,0.011867582760774516,331.8204804045512,0.9892541087231352,11.889999,16.279999,13.91
2022-09-15,1605,0.022429906542056073,275.1434034416826,0.9910771191841937,10.98,16.779999,13.84
2022-09-16,1633,0.030006123698714023,407.0833333333333,0.9955808080808081,9.45,16.199999,12.139999
2022-09-17,1412,0.02762039660056657,321.0196649672251,0.9898033503277495,8.66,14.559999,10.66
2022-09-18,1323,0.05517762660619804,315.36,0.9896,7.62,12.04,9.929999
2022-09-19,1698,0.04299175500588928,388.20923076923077,0.992,7.89,16.15,10.94
2022-09-20,1694,0.0590318772136954,346.2233375156838,0.9899623588456713,6.7599998,15.799999,10.889999
2022-09-21,1694,0.0667060212514758,456.69829222011384,0.9829222011385199,4.44,17.02,10.3
2022-09-22,1698,0.028268551236749116,318.4,0.9945454545454545,5.6099997,18.56,11.639999
2022-09-23,1732,0.04849884526558892,290.09708737864077,0.9933252427184466,8.7,17.91,13.179999
2022-09-24,1542,0.04474708171206226,214.90835030549897,0.991174473862865,10.9,16.21,13.549999
2022-09-25,1413,0.01627742392073602,258.431654676259,0.9920863309352518,8.3,17.17,12.46
2022-09-26,1699,0.03649205414949971,334.0134392180819,0.9951130116065975,8.4,12.719999,10.26
2022-09-27,1694,0.011806375442739079,294.15770609319,0.996415770609319,7.85,10.84,9.04
2022-09-28,1690,0.022485207100591716,280.0968523002421,0.9945520581113801,6.5,12.41,8.66
2022-09-29,1697,0.024160282852091926,295.8695652173913,0.9939613526570048,4.74,15.2,8.87
2022-09-30,1690,0.023076923076923078,368.7946698970321,0.9927316777710479,4.18,16.05,10.21
2022-10-01,15,0.0,324.0,1.0,9.28,16.67,12.389999
2023-05-01,1427,0.035739313244569026,157.1075581395349,0.9832848837209303,7.62,19.42,12.9
2023-05-02,1699,0.15715126545026487,761.8575418994413,0.9937150837988827,4.08,13.09,9.12
2023-05-03,1696,0.05483490566037736,348.5464753587024,0.9968808484092326,1.9599999,15.44,9.49
2023-05-04,1715,0.06472303206997085,308.6034912718205,0.9943890274314214,5.33,22.8,15.389999
2023-05-05,1722,0.11672473867595819,528.836291913215,0.9953977646285339,9.82,20.27,14.88
2023-05-06,1555,0.07266881028938907,306.9070735090153,0.9972260748959778,8.809999,20.71,14.41
2023-05-07,1441,0.024288688410825817,255.0213371266003,0.9879089615931721,11.719999,21.33,15.79
2023-05-08,1699,0.18010594467333726,713.6252692031586,0.9978463747307968,12.179999,19.18,15.65
2023-05-09,1703,0.037580739870816206,390.274557657108,0.99633923123856,12.3,20.48,15.559999
2023-05-10,1703,0.05108631826189078,430.990099009901,0.9969059405940595,11.29,17.19,13.36
2023-05-11,1707,0.014059753954305799,335.4367201426025,0.9946524064171123,11.139999,16.16,13.13
2023-05-12,1723,0.025536854323853744,388.9815366289458,0.9928528886241811,10.389999,19.88,14.309999
2023-05-13,1556,0.04820051413881748,332.0054017555706,0.9918973666441594,9.0199995,22.31,15.049999
2023-05-14,1440,0.09236111111111112,275.026778882938,0.9885233358837031,7.48,21.39,15.15
2023-05-15,1703,0.18555490311215503,293.51117519826965,0.9877433309300648,9.349999,19.66,13.82
2023-05-16,1703,0.05284791544333529,278.5368877867328,0.9882207067575945,6.6499996,14.759999,10.3
2023-05-17,1725,0.03246376811594203,345.79988016776514,0.9958058717795086,5.0499997,14.88,10.139999
2023-05-18,1459,0.04386566141192598,279.5268817204301,0.9827956989247312,3.6599998,16.119999,10.599999
2023-05-19,1709,0.03686366296079579,229.39246658566222,0.9902794653705954,5.73,19.55,13.469999
2023-05-20,1589,0.06293266205160478,222.632639355272,0.9852249832102082,9.62,18.07,13.75
2023-05-21,1429,0.044086773967809655,337.33528550512443,0.9824304538799414,11.45,23.13,17.08
2023-05-22,1690,0.05029585798816568,373.30841121495325,0.9906542056074766,14.179999,24.24,18.64
2023-05-23,1698,0.14782096584216725,379.9447131997236,0.9910158949550795,6.7,16.6,13.19
2023-05-24,1700,0.024705882352941175,283.46200241254525,0.9891435464414958,4.54,14.69,10.16
2023-05-25,1705,0.0187683284457478,199.72504482964735,0.9916317991631799,5.93,16.8,11.74
2023-05-26,1718,0.04714784633294528,335.36957849725104,0.9932803909590715,7.14,18.16,12.5199995
2023-05-27,1550,0.09225806451612903,279.4029850746269,0.9950248756218906,6.7799997,21.859999,14.98
2023-05-28,1380,0.08260869565217391,321.3744075829384,0.9936808846761453,8.389999,23.21,17.22
2023-05-29,1417,0.019054340155257588,236.93525179856115,0.9906474820143885,9.33,19.17,14.259999
2023-05-30,1642,0.031668696711327646,264.75471698113205,0.9930817610062893,7.83,19.81,13.599999
2023-05-31,1629,0.042971147943523635,362.386144964721,0.9923027581783195,10.08,23.949999,17.67
2023-06-01,1605,0.07850467289719626,457.9310344827586,0.9925625422582827,9.48,19.3,14.0199995
2023-06-02,1626,0.03997539975399754,303.53619474695705,0.994234465086483,9.44,18.18,13.16
2023-06-03,1478,0.07645466847090664,317.8021978021978,0.9963369963369964,9.09,21.23,15.549999
2023-06-04,1321,0.025738077214231644,272.960372960373,0.9945609945609946,8.29,23.029999,16.85
2023-06-05,1601,0.05496564647095565,360.6741573033708,0.992729676140119,10.599999,24.38,17.949999
2023-06-06,1600,0.0475,366.73228346456693,0.9888451443569554,11.5199995,24.82,18.449999
2023-06-07,1618,0.057478368355995055,395.9213114754098,0.9940983606557378,13.48,21.71,17.039999
2023-06-08,1029,0.006802721088435374,116.65362035225048,0.9931506849315068,13.429999,25.89,20.05
2023-06-13,393,0.11704834605597965,493.8328530259366,0.9855907780979827,13.62,26.64,21.17
2023-06-14,1681,0.1683521713265913,517.6824034334763,0.9957081545064378,13.559999,24.07,19.189999
2023-06-15,1681,0.04342653182629387,295.97014925373134,0.9975124378109452,12.11,26.4,20.0
2023-06-16,47,0.0,2.5531914893617023,1.0,13.49,26.71,20.33
2023-06-19,760,0.05,393.1578947368421,0.9986149584487535,19.01,27.539999,22.609999
2023-06-20,1679,0.09231685527099463,425.748031496063,0.9967191601049868,18.369999,30.38,23.98
2023-06-21,1695,0.0743362831858407,446.92160611854683,0.9949012109623965,17.16,27.699999,22.16
2023-06-22,1699,0.1153619776339023,455.8483033932136,0.9946773120425815,15.7,25.09,19.99
2023-06-23,1737,0.11629245826137018,477.4592833876221,0.993485342019544,15.13,25.68,19.65
2023-06-24,1656,0.08876811594202899,310.85487077534793,0.9900596421471173,14.75,27.9,21.48
2023-06-25,1522,0.10972404730617609,301.859778597786,0.9911439114391144,15.83,30.38,24.17
2023-06-26,1774,0.1544532130777903,357.64,0.9953333333333333,13.66,23.9,20.4
2023-06-27,1770,0.0672316384180791,305.2695336159903,0.9969715324046032,12.66,22.57,17.75
2023-06-28,1794,0.05852842809364549,226.57193605683835,0.9958555358200119,12.82,20.869999,17.49
2023-06-29,1796,0.06347438752783964,347.55053507728894,0.9934601664684899,16.34,24.05,20.33
2023-06-30,1826,0.07064622124863089,336.73541543901,0.9952857984678845,13.78,21.56,17.369999
2023-07-01,1659,0.07293550331525014,326.2548764629389,0.9908972691807543,15.429999,21.05,17.31
2023-07-02,1526,0.1251638269986894,665.1685393258427,0.9955056179775281,14.94,21.18,17.66
2023-07-03,1750,0.08057142857142857,335.3511497824736,0.9956494717215661,12.94,20.57,16.94
2023-07-04,1746,0.06872852233676977,313.87453874538744,0.996309963099631,13.7699995,22.039999,17.5
2023-07-05,1747,0.10360618202633086,358.5823754789272,0.9961685823754789,12.139999,19.779999,15.839999
2023-07-06,1753,0.0775812892184826,308.9795918367347,0.9975262832405689,11.099999,22.42,16.779999
2023-07-07,1709,0.05324751316559392,511.7799752781211,0.9969097651421508,11.55,28.779999,21.3
2023-07-08,1564,0.06074168797953964,315.5207624234173,0.9945541184479237,17.09,33.469997,25.89
2023-07-09,1463,0.09227614490772386,548.0873493975904,0.9962349397590361,19.039999,34.01,24.85
2023-07-10,1691,0.07924305144884683,395.7996146435453,0.9980732177263969,17.199999,26.019999,21.27
2023-07-11,1685,0.10207715133531158,508.0766688697951,0.998678122934567,16.63,31.41,24.3
2023-07-12,1686,0.0693950177935943,378.2791586998088,0.9961759082217974,15.11,23.82,19.49
2023-07-13,1694,0.048996458087367176,394.6368715083799,0.9968963376784605,13.059999,22.189999,16.44
2023-07-14,1719,0.04363001745200698,355.3649635036496,0.9987834549878345,13.03,26.43,20.47
2023-07-15,1570,0.0375796178343949,291.740569159497,0.9947054930509597,16.18,25.63,21.8
2023-07-16,1457,0.028826355525051476,221.7243816254417,0.9971731448763251,15.839999,23.289999,19.57
2023-07-17,1690,0.02603550295857988,321.3608748481166,0.9945321992709599,12.67,22.779999,17.039999
2023-07-18,1686,0.010676156583629894,264.2086330935252,0.9976019184652278,12.2,24.65,18.34
2023-07-19,1687,0.02845287492590397,254.05735204392923,0.9945088468578401,13.509999,24.029999,17.9
2023-07-20,1694,0.050177095631641085,310.3293971410814,0.9962709757613425,14.07,22.1,17.38
2023-07-21,1725,0.05681159420289855,367.78119237861097,0.9956976029502151,11.8,21.72,15.95
2023-07-22,1064,0.05169172932330827,277.5222993062438,0.9920713577799801,11.88,23.05,17.539999
2023-07-23,1473,0.032586558044806514,275.87368421052633,0.9894736842105263,14.7,21.48,17.699999
2023-07-24,1698,0.059481743227326266,301.72824045084536,0.9924859110832811,13.82,20.23,17.42
2023-07-25,1694,0.02243211334120425,315.72463768115944,0.9939613526570048,10.99,19.08,14.839999
2023-07-26,1742,0.017795637198622274,275.3477498538866,0.9929865575686733,10.73,20.57,15.21
2023-07-27,1752,0.05821917808219178,445.3090909090909,0.9981818181818182,13.4,17.89,15.969999
2023-07-28,1784,0.033632286995515695,339.53596287703016,0.9936194895591647,16.58,22.42,18.619999
2023-07-29,1541,0.03958468526930565,230.1081081081081,0.9952702702702703,15.78,22.93,18.88
2023-07-30,1436,0.0403899721448468,290.2031930333817,0.9862119013062409,13.809999,21.02,16.69
2023-07-31,1661,0.06983744732089103,492.31067961165047,0.996116504854369,15.7,18.82,16.55
2023-08-01,1656,0.04045893719806763,266.0541220893644,0.9918187539332913,14.71,20.3,16.699999
2023-08-02,1659,0.10910186859553948,509.3910690121786,0.9952638700947226,14.009999,22.189999,17.07
2023-08-03,1665,0.04744744744744745,400.1387137452711,0.9955863808322825,14.2,18.59,16.05
2023-08-04,1658,0.018697225572979495,299.7418561770129,0.9932390903503381,13.12,20.75,16.08
2023-08-05,1475,0.05084745762711865,343.3285714285714,0.9871428571428571,11.96,20.289999,15.299999
2023-08-06,1377,0.04502541757443718,316.1977186311787,0.993916349809886,12.32,18.33,14.589999
2023-08-07,1684,0.050475059382422804,399.5121951219512,0.9949968730456535,11.889999,18.69,14.07
2023-08-08,1678,0.027413587604290822,323.34558823529414,0.9950980392156863,12.13,19.21,15.049999
2023-08-09,1684,0.04156769596199525,302.453531598513,0.9888475836431226,12.2,21.13,15.929999
2023-08-10,1647,0.01700060716454159,237.03520691785053,0.9944410129709698,11.53,23.289999,17.3
2023-08-11,1660,0.0463855421686747,277.56159191408716,0.9962097283638661,13.61,28.81,21.529999
2023-08-12,1484,0.029649595687331536,249.54166666666666,0.9951388888888889,15.9,22.369999,19.529999
2023-08-13,1366,0.03587115666178624,188.92938496583145,0.9954441913439636,14.15,24.16,18.939999
2023-08-14,1615,0.02476780185758514,296.3809523809524,0.9923809523809524,13.889999,26.07,20.369999
2023-08-15,1612,0.03163771712158809,375.6438180653427,0.9955156950672646,18.58,25.4,21.5
2023-08-16,1605,0.03302180685358255,337.4226804123711,0.9942010309278351,16.39,22.68,19.5
2023-08-17,1616,0.034653465346534656,307.65384615384613,0.992948717948718,15.759999,19.98,17.52
2023-08-18,1637,0.05253512522907758,392.14700193423596,0.9922630560928434,16.51,28.59,21.31
2023-08-19,1451,0.11509303928325293,490.2803738317757,0.9906542056074766,18.119999,28.67,23.33
2023-08-20,1338,0.09641255605381166,701.7369727047146,0.9867659222497932,17.199999,27.22,21.869999
2023-08-21,1584,0.10732323232323232,457.7227722772277,0.9943422913719944,16.01,26.84,21.1
2023-08-22,1580,0.05569620253164557,339.4906166219839,0.9966487935656837,15.179999,25.25,20.189999
2023-08-23,1580,0.028481012658227847,352.14332247557,0.9908794788273616,13.469999,26.59,19.949999
2023-08-24,1569,0.04079031230082855,297.687707641196,0.9926910299003322,15.08,26.63,20.42
2023-08-25,1593,0.040175768989328314,267.78286461739697,0.9941137998691956,16.8,22.91,19.24
2023-08-26,1329,0.03310759969902182,275.6264591439689,0.9922178988326849,13.0199995,21.8,17.38
2023-08-27,1214,0.036243822075782535,223.43589743589743,0.9905982905982906,11.349999,20.41,14.82
2023-08-28,1452,0.025482093663911846,290.24734982332154,0.9901060070671378,10.469999,19.5,14.809999
2023-08-29,1458,0.05075445816186557,321.84971098265896,0.9978323699421965,11.41,20.31,15.42
2023-08-30,1455,0.04054982817869416,396.44699140401144,0.9928366762177651,11.179999,18.13,13.65
2023-08-31,1456,0.01304945054945055,276.8684759916493,0.9902574808629089,10.219999,19.4,13.719999
2023-09-01,1481,0.027683997299122215,367.0416666666667,0.9923611111111111,10.73,19.64,15.0
2023-09-02,1262,0.03486529318541997,304.72906403940885,0.993431855500821,14.599999,23.039999,18.09
2023-09-03,1216,0.01644736842105263,327.5418060200669,0.9949832775919732,12.28,22.48,17.19
2023-09-04,1517,0.01911667765326302,255.44354838709677,0.9932795698924731,11.46,26.47,19.13
2023-09-05,1515,0.015181518151815182,252.7882037533512,0.9919571045576407,16.9,29.23,23.08
2023-09-06,1518,0.05006587615283267,474.09153952843275,0.992371705963939,15.2699995,29.849998,22.8
2023-09-07,1520,0.018421052631578946,368.16353887399464,0.9959785522788204,15.219999,30.05,22.18
2023-09-08,1547,0.051712992889463474,325.6850715746421,0.9952283571915473,14.799999,29.92,22.26
2023-09-09,1442,0.036754507628294034,232.6133909287257,0.986321094312455,16.98,29.71,22.72
2023-09-10,1335,0.05093632958801498,647.3086029992107,0.9873717442778216,15.969999,30.47,23.17
2023-09-11,1610,0.06894409937888199,517.8252168112075,0.9946631087391594,17.789999,29.679998,23.58
2023-09-12,1620,0.09135802469135802,660.7744565217391,0.9952445652173914,17.59,25.05,20.58
2023-09-13,1616,0.040222772277227724,438.7620889748549,0.9941972920696325,12.45,19.91,16.949999
2023-09-14,1616,0.02103960396039604,337.39570164348925,0.984197218710493,10.67,19.789999,14.66
2023-09-15,1636,0.05256723716381418,381.0967741935484,0.9935483870967742,9.48,22.63,15.849999
2023-09-16,1583,0.07012002526847758,528.0163043478261,0.9925271739130435,13.549999,26.0,19.84
2023-09-17,1359,0.08609271523178808,526.7632850241546,0.9927536231884058,16.67,25.769999,20.71
2023-09-18,1725,0.042898550724637684,443.87643852210783,0.9933373712901272,15.17,24.18,20.029999
2023-09-19,1721,0.05229517722254503,398.5898221949724,0.9938687921520539,13.559999,19.64,16.529999
2023-09-20,1719,0.04712041884816754,397.54578754578756,0.9914529914529915,15.429999,23.15,18.66
2023-09-21,1589,0.034612964128382634,414.32855280312907,0.9915254237288136,13.84,21.8,18.3
2023-09-22,1610,0.0546583850931677,360.5519053876478,0.9934296977660972,11.09,18.32,14.059999
2023-09-23,1452,0.03305785123966942,440.5128205128205,0.9857549857549858,10.3,16.83,13.2
2023-09-24,1448,0.08839779005524862,522.5909090909091,0.9939393939393939,8.95,19.57,13.96
2023-09-25,1720,0.03604651162790698,372.810615199035,0.991556091676719,11.58,21.449999,15.809999
2023-09-26,1712,0.1022196261682243,395.3285621340273,0.9928432010409889,11.0,23.279999,16.779999
2023-09-27,1701,0.03527336860670194,306.3254113345521,0.9896404631322364,12.11,24.13,18.33
2023-09-28,1706,0.050996483001172335,395.0216182828907,0.9913526868437307,15.259999,21.16,18.31
2023-09-29,1694,0.02538370720188902,336.4869775893398,0.9963658388855239,11.559999,22.65,17.94
2023-09-30,1283,0.042088854247856584,167.64849471114726,0.9951179820992677,9.94,18.75,13.66
2023-10-01,11,0.18181818181818182,813.3333333333334,1.0,10.82,22.64,16.72
2024-05-01,10710,0.018207282913165267,424.9472182596291,0.983166904422254,11.96,26.71,19.43
2024-05-02,13393,0.007690584633763906,525.1693002257337,0.9896162528216704,12.469999,25.71,17.619999
2024-05-03,13074,0.008719596145020651,486.31944444444446,0.9901234567901235,8.41,13.36,11.099999
2024-05-04,10231,0.006548724464861695,449.77567886658795,0.9859307359307359,7.25,17.539999,12.05
2024-05-05,9267,0.008524873205999784,322.542446669569,0.9775794514584241,9.65,16.24,12.19
2024-05-06,12596,0.007383296284534773,535.1243701511637,0.9889626489642486,10.57,17.69,13.71
2024-05-07,11682,0.016435541859270673,386.1357702349869,0.9851174934725848,10.51,18.56,13.98
2024-05-08,12228,0.003925417075564278,448.4384236453202,0.9877668308702792,9.639999,17.539999,13.32
2024-05-09,11555,0.006490696668109044,776.4094076655052,0.9844947735191638,8.13,20.92,14.5
2024-05-10,16487,0.008127615697215988,371.6602458264539,0.9852014920809637,8.559999,22.17,16.02
2024-05-11,12289,0.015460981365448776,403.90280188445325,0.9855359947103066,10.41,23.38,17.25
2024-05-12,13571,0.003684326873480215,603.177279786998,0.9844686043931662,11.59,25.57,19.0
2024-05-13,13150,0.024106463878326996,558.4306085872361,0.9888568534247643,13.67,24.779999,19.699999
2024-05-14,12767,0.012845617607895356,442.31373482504165,0.9901610727604538,13.91,26.57,20.869999
2024-05-15,12491,0.007765591225682491,345.51557205099243,0.9878973696950137,12.66,22.81,17.63
2024-05-16,12333,0.00835157706965053,349.65821749795583,0.9864268192968111,11.57,21.65,15.9
2024-05-17,12787,0.0057871275514194105,561.4268858648627,0.9888303311570833,11.24,19.82,15.799999
2024-05-18,11255,0.008796090626388272,482.9419146647544,0.9870025098601649,11.17,20.97,15.66
2024-05-19,10446,0.036569021635075624,502.64904610492846,0.9820151033386327,11.469999,19.279999,14.37
2024-05-20,9092,0.0017597888253409592,351.96121639488763,0.9787351256059938,11.719999,21.05,15.799999
2024-05-21,11159,0.01039519670221346,405.5419722901386,0.9878656162274744,11.94,22.67,16.09
2024-05-22,12011,0.009408042627591375,406.2884518406455,0.9832744999159523,12.16,18.77,15.38
2024-05-23,13105,0.01198016024418161,423.13253012048193,0.981155390793945,10.79,21.289999,15.589999
2024-05-24,13159,0.013146895660764496,342.60896349915294,0.9789773602340983,12.2699995,17.35,14.41
2024-05-25,7616,0.006827731092436975,282.35854045478584,0.9755420412480169,10.809999,18.58,14.309999
2024-05-26,8233,0.0044941090732418315,438.0893118594436,0.9725475841874085,9.98,22.96,15.969999
2024-05-27,9537,0.013421411345286778,329.7672441279626,0.979381443298969,11.36,19.8,14.889999
2024-05-28,9854,0.001928151004668155,447.39806812404674,0.9842399593289273,10.44,18.72,13.69
2024-05-29,7671,0.0026072220049537216,421.10573781205073,0.9847078813227029,11.86,18.77,14.87
2024-05-30,2719,0.012136815005516733,190.9903201787044,0.9638868205510052,11.05,20.289999,14.83
2024-05-31,10948,0.021099744245524295,566.5484743864888,0.9792852477372399,10.24,19.439999,14.809999
2024-06-01,11213,0.014001605279586195,511.53039073806076,0.9837192474674384,13.83,20.64,16.48
2024-06-02,8856,0.011404697380307137,703.9086236436322,0.9763563677898344,10.91,16.59,14.21
2024-06-03,11221,0.046163443543356206,592.706717742689,0.9788844249275904,8.65,15.759999,12.57
2024-06-04,13075,0.16963671128107075,458.5520862116607,0.9800128949065119,12.5,20.619999,16.16
2024-06-05,10793,0.006948948392476605,592.0339615599926,0.9832991229707035,8.8,17.89,14.11
2024-06-06,10878,0.020040448611877183,289.7279549718574,0.9843339587242026,7.85,19.199999,13.99
2024-06-07,11752,0.008764465622872702,619.3201133144476,0.9836895870890205,9.71,20.529999,15.4
2024-06-08,8895,0.021135469364811692,484.23107844263234,0.9762260250373263,8.929999,20.55,15.339999
2024-06-09,8640,0.016087962962962964,715.7863780731678,0.9751793906599223,7.58,19.6,13.91
2024-06-10,11179,0.009660971464352804,351.10649444494624,0.9859994580435372,7.8399997,13.679999,10.62
2024-06-11,12016,0.007406790945406125,653.7771442944579,0.9860819988261926,7.5499997,16.779999,11.63
2024-06-12,12873,0.02392604676454595,535.4110624751294,0.988141663350577,7.48,16.08,11.32
2024-06-13,13263,0.027520168890899494,592.2918281904172,0.9858117537602729,7.66,19.34,13.74
2024-06-14,12627,0.011166547873604181,615.1369533877943,0.9830209835015217,12.73,19.039999,15.99
2024-06-15,13369,0.009948388061934326,750.9700815956483,0.9788455726805682,11.88,18.69,15.509999
2024-06-16,10668,0.011811023622047244,577.9339783722254,0.9683172073610321,13.12,17.82,15.33
2024-06-17,14745,0.014581213970837573,535.5939435650379,0.9741225051617344,12.91,21.14,16.76
2024-06-18,13962,0.023492336341498353,489.65967434355287,0.9766026111192607,12.84,22.83,16.66
2024-06-19,14263,0.01283040033653509,662.3991477272727,0.9747159090909091,12.63,21.07,16.34
2024-06-20,14163,0.006707618442420391,664.2564685811772,0.972419675860108,10.5,21.279999,16.859999
2024-06-21,19061,0.017365300876134516,885.4628937533369,0.9711692471970101,12.5,22.539999,17.539999
2024-06-22,12336,0.010700389105058366,565.4473942969519,0.9681252048508686,11.219999,21.4,16.4
2024-06-23,10249,0.01141574787784174,418.750493485985,0.9648637978681406,11.75,24.539999,18.35
2024-06-24,14263,0.007291593633877866,466.80415283565225,0.9733031993784872,13.0199995,26.519999,20.72
2024-06-25,16450,0.02,668.0615346442528,0.9743812418584455,15.2,28.25,22.3
2024-06-26,17276,0.018812225052095392,838.1558610111498,0.9822429355200283,15.66,30.449999,23.689999
2024-06-27,17307,0.010284855838677992,770.0239360149454,0.9821939401015821,18.369999,29.42,24.289999
2024-06-28,16294,0.032343193813673746,661.1264032472886,0.9830658971269106,13.73,23.029999,18.72
2024-06-29,13920,0.009698275862068966,678.6463547334059,0.9756256800870512,11.86,26.91,19.939999
2024-06-30,11593,0.015181575088415424,464.2182709993869,0.9738985723044583,14.889999,21.609999,17.4
2024-07-01,14961,0.01263284539803489,375.71080422420795,0.9780666125101544,13.08,18.77,15.44
2024-07-02,13690,0.01139517896274653,462.4309147332644,0.9767252844687454,12.07,16.31,14.429999
2024-07-03,14782,0.01623596265728589,474.2071241919956,0.9786824370788062,11.82,15.08,12.94
2024-07-04,15270,0.01100196463654224,668.4902661899087,0.9800688650509867,11.5,19.689999,15.16
2024-07-05,13229,0.017461637311966136,516.3794429912294,0.9782274196030158,11.74,17.6,14.92
2024-07-06,11245,0.006758559359715429,384.20628525382756,0.969469066165279,12.17,23.3,18.19
2024-07-07,10388,0.015594917212167885,435.3373753178173,0.9667514179542344,9.83,20.66,15.469999
2024-07-08,12574,0.011372673771274058,443.5684981095648,0.9736143512187274,11.96,23.019999,18.029999
2024-07-09,14030,0.01617961511047755,460.6389915235818,0.9810910671593132,14.57,30.34,23.15
2024-07-10,13933,0.008756190339481806,503.72891173702124,0.9766128448338282,16.64,26.13,20.42
2024-07-11,13051,0.008351850432917017,454.01483541956424,0.9745788904342451,15.73,23.88,19.42
2024-07-12,12837,0.007166783516397913,372.4707728520989,0.9768536681051393,12.96,19.789999,15.58
2024-07-13,10765,0.008824895494658615,332.53045923149017,0.9690721649484536,12.12,19.02,14.719999
2024-07-14,8168,0.004407443682664055,167.9365469749139,0.9535169699950812,10.91,23.08,17.289999
2024-07-15,13232,0.0073307134220072555,344.1994670727065,0.9715264560334983,12.259999,27.06,20.17
2024-07-16,13371,0.010171266173061102,468.33547412164717,0.9770306006800151,15.099999,22.72,18.38
2024-07-17,12418,0.007569656949589306,370.5647517039922,0.9714378448555664,15.0,22.99,18.59
2024-07-18,13083,0.010624474508904686,380.8915327564895,0.9767459826946848,14.07,27.33,20.9
2024-07-19,10797,0.03436139668426415,507.0362555150585,0.9766928831766737,16.48,28.359999,22.73
2024-07-20,8263,0.08834563717778046,402.3098367184389,0.9705296694544007,16.279999,31.5,23.92
2024-07-21,6996,0.030303030303030304,233.8443396226415,0.9604952830188679,18.0,25.67,21.72
2024-07-22,7495,0.018679119412941963,197.3025152957172,0.975798776342624,15.9,24.189999,19.55
2024-07-23,8690,0.06144994246260069,202.79058361942128,0.9817312408043158,15.2,24.019999,19.0
2024-07-24,8521,0.021124281187654033,250.63901210885984,0.9853734564200936,13.309999,22.18,17.529999
2024-07-25,8028,0.016442451420029897,199.53647416413375,0.978596757852077,11.8,24.64,18.939999
2024-07-26,7142,0.01288154578549426,189.19148936170214,0.9791489361702128,17.19,23.15,19.779999
2024-07-27,5984,0.022727272727272728,178.1532147742818,0.9746922024623803,15.17,22.99,18.869999
2024-07-28,7202,0.01013607331296862,135.41029597418992,0.965072240145883,13.59,23.859999,18.51
2024-07-29,8920,0.03228699551569507,253.06765523632993,0.9789156626506024,12.92,27.269999,20.32
2024-07-30,8656,0.028997227356746764,355.40273646638906,0.9784651992861392,16.91,31.16,23.65
2024-07-31,8563,0.00817470512670793,322.6916283998587,0.9868126692570353,16.38,24.81,21.05
2024-08-01,8302,0.016742953505179476,205.88754134509372,0.9882396177875781,16.83,23.41,19.67
2024-08-02,8649,0.02647704936986935,342.4560570071259,0.9800475059382423,15.48,24.71,19.529999
2024-08-03,9534,0.0144745122718691,399.9616858237548,0.9798850574712644,15.24,23.6,19.48
2024-08-04,8368,0.008484703632887189,377.9341930818368,0.9778233096299868,15.29,19.98,17.83
2024-08-05,11792,0.027985074626865673,622.4934566393299,0.9857790961437795,14.67,26.21,19.939999
2024-08-06,13107,0.02128633554589151,592.0112254443405,0.985266604303087,15.389999,28.41,22.67
2024-08-07,10981,0.006192514342956015,398.4367268395492,0.9819481352515349,16.49,23.24,19.859999
2024-08-08,12367,0.014554863750303227,1076.1795355706902,0.9821941412981046,15.67,23.6,19.02
2024-08-09,11401,0.02385755635470573,435.62404528708777,0.9838260400754785,16.41,23.59,20.359999
2024-08-10,9408,0.011054421768707483,353.3319002579536,0.9746345657781599,14.23,25.38,19.6
2024-08-11,9665,0.01272633212622866,381.2471180046112,0.9691888492978411,16.1,27.49,21.77
2024-08-12,9740,0.014373716632443531,297.79375,0.9760416666666667,15.79,32.39,24.58
2024-08-13,14437,0.034356168178984556,590.1355713363461,0.9794132415178252,19.57,34.329998,26.529999
2024-08-14,13211,0.019756263719627583,449.0826254826255,0.9761389961389961,16.89,24.74,20.65
2024-08-15,12138,0.020431702092601745,388.03700588730027,0.9728343145500421,15.98,26.59,20.99
2024-08-16,12040,0.012956810631229236,451.95893638505555,0.9769437899697072,16.9,24.42,20.85
2024-08-17,9803,0.01836172600224421,303.41681388340436,0.9703834563026084,17.74,24.529999,20.439999
2024-08-18,9807,0.043744264301009486,609.4497760716571,0.9686500319897633,14.54,22.07,18.029999
2024-08-19,11614,0.023161701394868263,395.5028646981049,0.9729396209784046,12.3,22.65,17.63
2024-08-20,13729,0.055721465510962194,847.6781857451404,0.9704566491823511,15.099999,25.88,20.1
2024-08-21,11010,0.012534059945504087,379.50331125827813,0.9696467991169978,12.55,20.199999,16.13
2024-08-22,10917,0.011175231290647614,382.8494673459935,0.9716535433070866,12.09,24.08,18.31
2024-08-23,12830,0.016991426344505067,403.5014272121789,0.9731208372978116,16.38,24.89,20.08
2024-08-24,10879,0.011306186230352054,341.6865005578282,0.9726664187430272,16.529999,30.64,22.439999
2024-08-25,10861,0.008010312125955254,591.6521254872843,0.9678856506404306,12.5199995,20.47,16.42
2024-08-26,12823,0.01567495905794276,543.8884487402947,0.9729044525431786,10.76,21.8,16.26
2024-08-27,11631,0.009973347089674147,499.237516283109,0.9713417281806339,11.92,26.14,18.99
2024-08-28,11871,0.01903799174458765,419.46414770287674,0.973121511378274,13.849999,29.23,22.22
2024-08-29,13201,0.0064389061434739795,557.163769441903,0.9768984446477584,18.16,29.5,23.529999
2024-08-30,12997,0.007694083249980764,434.92440102349383,0.9795301232844847,16.289999,20.55,18.18
2024-08-31,11062,0.011119146628096184,379.50452509370143,0.9689185483133742,14.99,24.82,19.43
2024-09-01,10402,0.021534320323014805,380.5325211239929,0.9680683827864021,15.25,30.22,22.9
2024-09-02,11168,0.01271489971346705,380.03083620533283,0.9745147832396155,17.72,30.109999,22.439999
2024-09-03,11589,0.014669082750884459,415.61257553200807,0.9756546107364918,17.16,26.88,21.13
2024-09-04,12673,0.013651069202240984,390.7488,0.97984,16.529999,19.26,17.83
2024-09-05,11952,0.024514725568942436,447.233896560597,0.9755553649541127,16.43,29.05,21.59
2024-09-06,11382,0.008522228079423651,389.9760744350908,0.9746566238369517,16.41,25.22,20.6
2024-09-07,12890,0.02560124127230411,909.3964968152866,0.9801751592356688,14.139999,28.17,20.939999
2024-09-08,9933,0.026880096647538508,750.8255741775295,0.9725843161597352,14.41,23.369999,19.41
2024-09-09,11394,0.012725996138318414,520.5049337718908,0.9805316028091385,12.86,19.41,15.5199995
2024-09-10,13277,0.014235143481208105,473.3251833740831,0.9784535452322738,11.08,17.69,14.16
2024-09-11,14750,0.01864406779661017,514.3544041450778,0.9806563039723661,7.81,15.339999,10.84
2024-09-12,12624,0.012040557667934094,501.5811417575369,0.9790731237973059,6.79,14.4,9.71
2024-09-13,12503,0.019675277933296008,389.0968426205434,0.9812352125316146,5.45,16.23,10.29
2024-09-14,8949,0.014526762766789585,229.4341762104547,0.9634879238008844,5.8599997,16.46,10.559999
2024-09-15,9022,0.025604078918199956,469.9738368786259,0.9625753611648277,6.5899997,17.779999,12.73
2024-09-16,11627,0.025629999139932916,377.620266572513,0.9746667843587254,13.259999,20.3,16.17
2024-09-17,11553,0.011512161343374015,477.58844133099825,0.9731173380035026,13.42,17.66,15.4
2024-09-18,11161,0.009676552280261626,340.4523658735185,0.9766579209264453,13.44,21.97,17.01
2024-09-19,13393,0.012245202717837677,497.78819260715096,0.9798926600650087,13.309999,21.38,16.57
2024-09-20,12477,0.009377254147631643,365.2378640776699,0.9752427184466019,11.849999,23.279999,17.01
2024-09-21,11188,0.03271362173757597,447.5438920717058,0.9700609868785807,11.53,24.83,17.68
2024-09-22,10920,0.013095238095238096,515.9098079242832,0.9678018001299062,12.03,24.98,17.859999
2024-09-23,13171,0.039404752866145316,332.11508061966487,0.9694119506797344,12.42,20.63,16.69
2024-09-24,12728,0.025062853551225645,415.7933757756467,0.9709887984527359,11.94,19.43,14.69
2024-09-25,13920,0.005747126436781609,342.6199421965318,0.971820809248555,13.469999,16.4,14.28
2024-09-26,12867,0.011035983523742908,403.20943025540276,0.9720235756385068,13.61,18.359999,15.28
2024-09-27,12638,0.011631587276467795,590.7869666159635,0.9799055319830278,10.07,16.359999,13.13
2024-09-28,11219,0.012746234067207415,375.16251354279524,0.9693029974720115,6.93,14.38,10.12
2024-09-29,11401,0.01798087887027454,620.8038585209003,0.9729367631296891,5.65,13.57,9.33
2024-09-30,12263,0.009051618690369403,383.9565503620803,0.9752304147465438,8.42,14.53,12.059999
2024-10-01,118,0.0,384.91525423728814,0.9576271186440678,10.15,14.0,12.38
2025-05-01,10767,0.015881861242685986,611.8799546998868,0.9882030955077388,11.23,27.42,19.8
2025-05-02,11558,0.012372382765184289,479.0854139290407,0.9852825229960578,13.7,27.539999,20.73
2025-05-03,8960,0.024441964285714286,349.16828738130647,0.9815810547992221,7.96,19.42,13.87
2025-05-04,8851,0.008699581968139193,360.1094141782539,0.9808525188055619,5.04,13.32,9.5199995
2025-05-05,9986,0.012517524534348087,646.979008214177,0.988540715951729,3.46,14.16,9.099999
2025-05-06,9956,0.014262756126958619,439.1114734053393,0.9842062359894029,4.21,15.57,10.13
2025-05-07,12960,0.016512345679012344,629.2750666875883,0.9854856425545269,4.49,17.05,11.08
2025-05-08,9852,0.009135200974421437,565.2366318377382,0.9869903708256504,5.95,17.0,11.7699995
2025-05-09,9191,0.008486562942008486,429.7574893009986,0.986722264896302,4.14,18.89,12.57
2025-05-10,8174,0.013579642769757769,720.1265037827111,0.9802802926950267,5.93,21.71,14.969999
2025-05-11,7025,0.007544483985765124,469.37177280550776,0.9796328169822146,8.78,24.48,17.48
2025-05-12,7801,0.020382002307396486,561.6932740120387,0.9856058623397016,12.059999,22.67,17.55
2025-05-13,10465,0.017964644051600573,521.9188479128151,0.9863773474749441,7.3799996,22.08,15.67
2025-05-14,14342,0.01673406777297448,849.7220252446461,0.985179407176287,7.39,22.779999,15.63
2025-05-15,14008,0.01706167904054826,567.8930931803326,0.9832231825114387,8.34,18.539999,13.42
2025-05-16,13444,0.011901219875037191,808.2023486901536,0.984718458295694,5.74,19.67,12.849999
2025-05-17,11998,0.009668278046341057,560.5217976771587,0.9834202996128598,8.74,18.82,13.63
2025-05-18,9534,0.011013215859030838,483.6143811644925,0.980167568140842,8.24,18.029999,12.61
2025-05-19,11946,0.002846140967687929,541.0224983210209,0.9851410342511753,6.3799996,21.869999,14.88
2025-05-20,9551,0.013611140194744006,542.0571064642819,0.9819552064536673,8.75,22.029999,16.279999
2025-05-21,12083,0.007282959529918066,665.8574406002501,0.9854105877448937,7.39,20.07,13.92
2025-05-22,13052,0.005056696291756053,546.9813645464346,0.9851378407515786,5.3599997,15.95,10.78
2025-05-23,13369,0.008302790036651957,579.349826519837,0.9842359330215719,4.2799997,13.809999,9.08
2025-05-24,13619,0.009104926940303987,614.160800296406,0.9848091885883661,4.5499997,14.65,10.19
2025-05-25,10484,0.01478443342235788,418.3909381353471,0.9814115596863201,11.96,20.029999,15.2
2025-05-26,10698,0.03654888764255001,456.73231784224316,0.9843795478800815,10.389999,18.82,14.37
2025-05-27,12949,0.012433392539964476,401.5186111979981,0.9880356584297779,11.969999,18.199999,14.4
2025-05-28,12394,0.010408262062288204,541.506726457399,0.9876885446392173,8.57,19.34,14.389999
2025-05-29,9361,0.003418438201046897,612.5544002572623,0.9846714546039232,7.5899997,18.88,14.16
2025-05-30,10741,0.011637650125686622,441.42614920874155,0.9850226073850791,13.99,24.34,18.91
2025-05-31,9277,0.01412094427077719,484.67745462497265,0.984802099278373,14.13,26.289999,19.699999
2025-06-01,9202,0.008367746142143013,637.946301369863,0.9790684931506849,13.86,20.789999,17.869999
2025-06-02,12909,0.019133937562940583,637.9987363765598,0.9852314010424893,10.26,20.49,15.32
2025-06-03,13476,0.01766102701098249,666.5311980661731,0.9866294002115124,8.82,23.57,17.3
2025-06-04,13563,0.010322200103222,647.0282351188259,0.9847277061759666,12.309999,21.109999,16.55
2025-06-05,12148,0.006173855778729009,494.3825064192827,0.98873519423507,11.53,18.869999,15.429999
2025-06-06,14559,0.013325091008997871,647.6115558649495,0.9885137486947442,13.24,20.33,15.88
2025-06-07,10263,0.003215434083601286,393.34897360703815,0.9790811339198436,12.139999,17.4,14.13
2025-06-08,9320,0.008583690987124463,476.7077922077922,0.9724025974025974,8.59,14.5,11.929999
2025-06-09,8642,0.006248553575561213,397.32883092687473,0.9725197950628784,8.03,18.449999,13.45
2025-06-10,8785,0.00842344906089926,396.8430719779589,0.9833543795201469,10.4,18.02,14.549999
2025-06-11,9961,0.009135628952916374,423.78723404255317,0.9809523809523809,7.6699996,20.939999,14.849999
2025-06-12,13290,0.025583145221971408,528.6718146718147,0.9866409266409266,10.65,27.01,19.98
2025-06-13,15072,0.03211252653927813,731.902933918289,0.9879352892788593,17.64,31.429998,24.92
2025-06-14,11704,0.012218045112781954,534.1925438975867,0.9846899057174985,19.0,31.179998,24.25
2025-06-15,9873,0.011546642357945914,530.6055948355364,0.9795060969361615,13.259999,21.609999,18.01
2025-06-16,11387,0.0064986387986300164,447.81755502519223,0.9876248563599399,11.139999,23.439999,17.88
2025-06-17,10110,0.0076162215628091,437.5879597328815,0.9855476926143726,12.15,26.49,19.96
2025-06-18,10096,0.005843898573692551,493.2410082694032,0.9852545581349008,14.009999,26.73,20.88
2025-06-19,8171,0.00562966589156774,374.80615384615385,0.9800615384615384,13.62,23.869999,18.96
2025-06-20,9645,0.007257646448937273,506.05535248041775,0.9807832898172324,11.01,24.71,18.67
2025-06-21,10946,0.022017175223826055,494.7351704810836,0.9758991125642223,12.23,29.58,22.06
2025-06-22,8391,0.014539387438922656,656.9379610593784,0.9738783407909057,17.56,32.6,24.8
2025-06-23,11645,0.00609703735508802,554.0539139450492,0.9852255054432348,13.69,21.65,18.64
2025-06-24,10610,0.006503298774740811,593.5736647376909,0.9826392182904847,12.179999,21.33,17.25
2025-06-25,10374,0.004241372662425294,483.75217812197485,0.9811229428848015,17.289999,28.33,22.769999
2025-06-26,12404,0.007578200580457917,518.7392363931763,0.9832656376929326,17.529999,23.21,20.49
2025-06-27,9932,0.011780104712041885,535.7208354559348,0.9836984207845135,14.71,22.439999,18.3
2025-06-28,9845,0.02102590147282885,450.1805353807844,0.9795600747042955,16.68,26.849998,21.88
2025-06-29,9246,0.03136491455764655,506.0607414024118,0.9719740955783832,16.94,29.26,23.22
2025-06-30,12696,0.036625708884688093,709.7718910963944,0.9825852342408634,16.75,30.26,23.85
2025-07-01,12890,0.03615205585725369,1132.2633612363168,0.9878461043142305,17.279999,34.719997,27.16
2025-07-02,13655,0.08136213841083852,1148.7244897959183,0.9901945153061225,17.33,36.09,26.099998
2025-07-03,10960,0.012956204379562044,699.9445368829728,0.9861342207432058,14.549999,23.769999,18.529999
2025-07-04,11710,0.026558497011101623,873.1502763400298,0.9866654969734188,11.969999,24.119999,18.46
2025-07-05,7807,0.011271935442551556,535.7559269335406,0.9794014768752429,13.46,25.529999,19.75
2025-07-06,11052,0.012305465074194716,517.6786368633199,0.9819530963722976,14.759999,18.74,16.44
2025-07-07,10056,0.007458233890214797,543.3423504658851,0.9839695421300471,11.75,20.4,16.289999
2025-07-08,8058,0.015140233308513279,698.2560483870968,0.9860131048387096,10.99,19.09,14.679999
2025-07-09,7768,0.015447991761071062,643.6584728033473,0.9853556485355649,12.04,22.029999,16.55
2025-07-10,9970,0.014543630892678034,810.9374045801527,0.9855470737913486,10.24,24.24,17.949999
2025-07-11,8739,0.007437921959034214,397.63661517177775,0.9780954576896472,14.94,23.5,18.58
2025-07-12,7772,0.012738033968090581,438.3370259350971,0.9779747165385116,14.5199995,25.8,19.4
2025-07-13,8953,0.02825868423991958,756.1379310344828,0.9786206896551725,15.7,24.31,19.14
2025-07-14,9641,0.03173944611554818,827.3765399035887,0.9857525441885377,15.16,25.359999,20.33
2025-07-15,9912,0.023305084745762712,814.5584133870468,0.9852287986778225,13.88,23.48,18.49
2025-07-16,7719,0.004534266096644643,528.0609057782405,0.9838625715773035,13.32,18.27,15.45
2025-07-17,9896,0.008690379951495554,725.7859327217126,0.981651376146789,13.32,23.47,17.84
2025-07-18,11526,0.008415755682804095,762.1769183655613,0.9839881004462333,13.25,26.9,20.449999
2025-07-19,8277,0.010269421287906247,295.11474609375,0.965087890625,15.469999,29.439999,22.779999
2025-07-20,7319,0.034704194562098646,413.6985138004246,0.9673036093418259,17.3,27.31,20.789999
2025-07-21,9300,0.00978494623655914,456.1928548159409,0.9806710826365512,15.82,24.039999,18.96
2025-07-22,8778,0.00580997949419002,458.5974561705053,0.9834994843588862,15.53,23.279999,18.22
2025-07-23,8675,0.007953890489913545,445.43341854520105,0.9790843597490123,14.9,22.859999,18.529999
2025-07-24,10115,0.005635195254572417,517.725193875522,0.980910717836548,14.309999,24.269999,18.68
2025-07-25,10451,0.009664146971581666,690.0057971014493,0.9841545893719806,14.059999,24.109999,19.039999
2025-07-26,7724,0.014241325737959606,425.3191489361702,0.974126608878382,14.42,25.689999,20.08
2025-07-27,6759,0.019529516200621395,472.15934812132184,0.9717821035159198,15.37,22.43,18.1
2025-07-28,8252,0.003635482307319438,370.64704451471664,0.9754317684261736,13.4,21.17,16.64
2025-07-29,7198,0.0065295915532092245,436.6214515452384,0.9741294923786883,12.46,21.609999,16.51
2025-07-30,9644,0.009746992948983823,586.0774869109947,0.9789528795811518,13.32,22.699999,17.539999
2025-07-31,9752,0.04870795734208368,618.6461140454888,0.9839387733103374,13.28,22.289999,16.8
2025-08-01,8649,0.04636374147300266,731.7555771096023,0.9867846750727449,13.36,19.939999,15.92
2025-08-02,5095,0.010598626104023552,297.44098393175955,0.9621106923229518,13.11,19.51,15.32
2025-08-03,5959,0.01124349723107904,350.5498981670061,0.9623217922606925,13.49,22.47,17.359999
2025-08-04,6813,0.003816233670923235,654.8460291734198,0.9768675408869898,15.429999,24.609999,20.029999
2025-08-05,9242,0.00995455529106254,481.21967213114755,0.9807650273224043,11.69,21.289999,16.82
2025-08-06,6859,0.010205569324974486,639.0720282810429,0.9843865075858006,10.969999,21.859999,16.21
2025-08-07,9133,0.006350596737107194,493.43471074380165,0.9784022038567494,12.7699995,24.98,19.38
2025-08-08,10600,0.0035849056603773585,418.01174020071954,0.9759515243325128,15.0,23.41,19.74
2025-08-09,7664,0.010960334029227558,456.5620052770449,0.9773087071240105,13.61,26.619999,20.08
2025-08-10,7579,0.009236046971896028,415.3815421494207,0.9734984685044613,11.849999,25.68,18.96
2025-08-11,9905,0.01807168096920747,580.7834669956817,0.981904174377956,12.599999,28.789999,21.369999
2025-08-12,8192,0.010498046875,613.0792005921539,0.9800148038490007,13.25,30.99,23.609999
2025-08-13,9700,0.01907216494845361,669.849710982659,0.9821334734629532,19.82,33.579998,26.5
2025-08-14,10849,0.01898792515439211,493.8288076670112,0.964295781264681,19.09,33.559998,25.88
2025-08-15,8983,0.0064566403206055886,439.91932773109244,0.9662745098039216,17.81,29.09,22.92
2025-08-16,6698,0.009256494475962974,342.00723327305604,0.9537371910789633,13.09,20.27,18.26
2025-08-17,7362,0.008285791904373811,527.3606355293796,0.9587727708533078,10.16,19.77,15.799999
2025-08-18,6467,0.0027833616823875057,418.17646146689407,0.9649558071018762,13.5199995,25.67,19.58
2025-08-19,8596,0.009306654257794323,556.6979802724284,0.9692343823391264,12.509999,29.189999,21.34
2025-08-20,7903,0.006073642920409971,459.4984086569064,0.9661362189688096,13.13,24.41,18.38
2025-08-21,8645,0.007518796992481203,537.3986013986014,0.9656177156177156,11.66,24.17,17.59
2025-08-22,9115,0.003071859572133845,482.3902277979531,0.9685264663805436,10.67,18.02,14.509999
2025-08-23,6672,0.0077937649880095924,396.6344410876133,0.9542296072507553,9.44,19.65,14.219999
2025-08-24,6333,0.009474182851729039,390.5308464849354,0.9505818587597641,8.309999,20.57,13.88
2025-08-25,5860,0.052218430034129695,537.9582283039251,0.9729924378826071,7.27,23.15,15.73
2025-08-26,7985,0.017532874139010644,597.9349904397706,0.9694072657743786,11.04,28.119999,20.029999
2025-08-27,8481,0.020634359155759934,472.3067661931134,0.9703828557669155,14.549999,27.23,20.619999
2025-08-28,12437,0.023397925544745516,515.2017124979417,0.9760414951424338,13.75,23.89,19.02
2025-08-29,11438,0.0113656233607274,473.8291475061903,0.983197736116024,13.5,23.96,17.65
2025-08-30,10323,0.005521650682941005,293.3372296902396,0.9750633157997273,13.9,22.6,17.18
2025-08-31,9441,0.00910920453341807,442.40940673436666,0.9707108498129342,14.92,23.779999,18.609999
2025-09-01,7623,0.007739735012462285,319.5769434161819,0.9843997884717081,15.19,22.189999,17.93
2025-09-02,1385,0.0,0.0,1.0,14.009999,21.52,17.48
2025-09-03,1391,0.0,0.0,1.0,15.309999,23.269999,19.46
2025-09-04,7123,0.014179418784220132,753.3323839362005,0.9813443463400741,15.08,22.22,18.779999
2025-09-05,12671,0.020756057138347408,601.9003868471954,0.9867021276595744,11.599999,20.71,15.23
2025-09-06,9618,0.024329382407985028,629.3606138107417,0.9861466325660699,9.83,23.22,16.449999
2025-09-07,9861,0.01947064192272589,596.2953769779708,0.9777639880028959,12.09,26.32,19.539999
2025-09-08,9335,0.012854847348687734,503.96093326098753,0.9893651654910472,16.17,22.16,18.68
2025-09-09,1133,0.0,0.0529567519858782,1.0,10.5199995,17.41,14.33
2025-09-10,1129,0.0,0.0,1.0,9.94,20.119999,14.839999
2025-09-11,1254,0.0,0.0,1.0,11.809999,18.98,15.179999
2025-09-12,1403,0.0,0.0,1.0,11.0199995,18.06,14.009999
2025-09-13,1280,0.0,0.0,1.0,11.139999,19.789999,14.49
2025-09-14,1185,0.0,0.0,1.0,10.099999,18.69,14.299999
2025-09-15,1382,0.0,0.0,1.0,14.41,19.73,16.68
2025-09-16,1327,0.0,0.0,1.0,12.79,18.55,15.12
2025-09-17,1311,0.0,0.0,1.0,11.57,17.34,14.599999
2025-09-18,1516,0.052110817941952506,302.0876826722338,0.9832985386221295,15.219999,20.43,17.27
2025-09-19,1284,0.0,-0.04672897196261682,0.9992211838006231,14.0,26.93,19.939999
2025-09-20,1141,0.0,0.0,1.0,17.16,27.689999,21.85
2025-09-21,1160,0.0,0.0,1.0,8.94,21.27,15.009999
2025-09-22,1381,0.0,0.0,1.0,7.95,16.59,11.509999
2025-09-23,1379,0.0,0.0,1.0,6.94,16.63,12.059999
2025-09-24,1283,0.0,0.0,1.0,7.0299997,15.549999,11.24
2025-09-25,1254,0.0,0.0,1.0,8.32,11.24,9.469999
2025-09-26,1264,0.0,0.0,1.0,8.099999,15.009999,11.33
2025-09-27,1053,0.0,0.0,1.0,9.82,16.91,12.55
2025-09-28,1445,0.017993079584775088,860.169133192389,0.9830866807610994,8.53,18.939999,13.469999
2025-09-29,12097,0.0028932793254525914,565.7022052727574,0.9769524125352346,9.87,19.14,13.37
2025-09-30,11728,0.01756480218281037,370.05033848290225,0.9770873112306891,7.7799997,14.65,11.09
2025-10-01,136,0.014705882352941176,2556.268656716418,0.9850746268656716,4.68,16.619999,10.2699995
